{"cameraMode":{"drawMode":0,"name":"Shaded","section":"Shading Mode"},"sceneLighting":false,"audioPlay":false,"sceneViewState":{"m_AlwaysRefresh":false,"showFog":true,"showSkybox":false,"showFlares":true,"showImageEffects":true,"showParticleSystems":true,"showVisualEffectGraphs":true,"m_FxEnabled":true},"in2DMode":false,"pivot":{"x":36.528656005859378,"y":1.3459558486938477,"z":-53.192752838134769},"rotation":{"x":-0.13141624629497529,"y":-0.7111563682556152,"z":0.13810238242149354,"w":-0.6767019629478455},"size":2.5587146282196047,"orthographic":false}