{"cameraMode":{"drawMode":0,"name":"Shaded","section":"Shading Mode"},"sceneLighting":true,"audioPlay":false,"sceneViewState":{"m_AlwaysRefresh":false,"showFog":true,"showSkybox":true,"showFlares":true,"showImageEffects":true,"showParticleSystems":true,"showVisualEffectGraphs":true,"m_FxEnabled":true},"in2DMode":false,"pivot":{"x":1418.004150390625,"y":709.1419677734375,"z":200.61541748046876},"rotation":{"x":-0.022806227207183839,"y":0.011094209738075734,"z":-0.0002531082136556506,"w":-0.999680757522583},"size":302.3215637207031,"orthographic":false}